{
  "IcoMoonType": "selection",
  "icons": [
    {
      "icon": {
        "paths": [
          "M512 0c282.77 0 512 229.23 512 512s-229.23 512-512 512c-282.77 0-512-229.23-512-512s229.23-512 512-512z",
          "M896 512c0-212.078-171.924-384-384-384-212.078 0-384 171.922-384 384 0 212.076 171.922 384 384 384 212.076 0 384-171.924 384-384zM305.129 718.868c-19.995-19.994-19.995-52.408 0-72.407l134.463-134.461-134.463-134.463c-19.995-19.995-19.995-52.413 0-72.408s52.413-19.995 72.408 0l134.463 134.463 134.461-134.463c19.999-19.995 52.413-19.995 72.407 0 19.999 19.995 19.999 52.413 0 72.408l-134.461 134.463 134.461 134.461c19.999 19.999 19.999 52.413 0 72.407-19.994 19.999-52.408 19.999-72.407 0l-134.461-134.461-134.463 134.461c-19.995 19.999-52.413 19.999-72.408 0z"
        ],
        "attrs": [
          {
            "fill": "rgb(226, 228, 243)"
          },
          {
            "fill": "rgb(221, 82, 76)"
          }
        ],
        "isMulticolor": true,
        "isMulticolor2": false,
        "grid": 0,
        "tags": [
          "Close_round_fill"
        ],
        "colorPermutations": {
          "221827612262282431621592551": [
            {
              "f": 2
            },
            {
              "f": 0
            }
          ]
        }
      },
      "attrs": [
        {
          "fill": "rgb(226, 228, 243)"
        },
        {
          "fill": "rgb(221, 82, 76)"
        }
      ],
      "properties": {
        "order": 3,
        "id": 1,
        "name": "Close_round_fill",
        "prevSize": 32
      },
      "setIdx": 0,
      "setId": 2,
      "iconIdx": 0
    },
    {
      "icon": {
        "paths": [
          "M512 0c282.77 0 512 229.23 512 512s-229.23 512-512 512c-282.77 0-512-229.23-512-512s229.23-512 512-512z",
          "M512 896c-212.078 0-384-171.924-384-384 0-212.078 171.922-384 384-384 212.076 0 384 171.922 384 384 0 212.076-171.924 384-384 384zM722.002 416.777c18.099-21.723 15.165-54.008-6.559-72.11s-54.006-15.167-72.11 6.556l-141.548 169.86c-17.752 21.299-27.731 33.096-35.699 40.34l-0.304 0.276-0.328-0.246c-8.591-6.497-19.598-17.341-39.205-36.946l-48.711-48.712c-19.995-19.995-52.413-19.995-72.408 0s-19.995 52.414 0 72.408l50.802 50.801c16.716 16.727 32.798 32.814 47.76 44.124 16.761 12.677 38.712 24.596 66.842 23.316 28.13-1.275 48.911-15.13 64.456-29.271 13.875-12.621 28.436-30.1 43.571-48.266l1.889-2.273 141.553-169.857z"
        ],
        "attrs": [
          {
            "fill": "rgb(226, 228, 243)"
          },
          {
            "fill": "rgb(62, 159, 255)"
          }
        ],
        "isMulticolor": true,
        "isMulticolor2": false,
        "grid": 0,
        "tags": [
          "Check_round_fill"
        ],
        "colorPermutations": {
          "221827612262282431621592551": [
            {
              "f": 2
            },
            {
              "f": 1
            }
          ]
        }
      },
      "attrs": [
        {
          "fill": "rgb(226, 228, 243)"
        },
        {
          "fill": "rgb(62, 159, 255)"
        }
      ],
      "properties": {
        "order": 2,
        "id": 0,
        "name": "Check_round_fill",
        "prevSize": 32
      },
      "setIdx": 0,
      "setId": 2,
      "iconIdx": 1
    }
  ],
  "height": 1024,
  "preferences": {
    "showGlyphs": true,
    "showQuickUse": true,
    "showQuickUse2": true,
    "showSVGs": true,
    "fontPref": {
      "prefix": "icon-",
      "metadata": {
        "fontFamily": "icomoon"
      },
      "metrics": {
        "emSize": 1024,
        "baseline": 6.25,
        "whitespace": 50
      },
      "embed": false
    },
    "imagePref": {
      "prefix": "icon-",
      "png": false,
      "useClassSelector": true,
      "color": 0,
      "bgColor": 16777215,
      "classSelector": ".icon",
      "name": "icomoon",
      "height": 32,
      "columns": 16,
      "margin": 16
    },
    "historySize": 50,
    "showCodes": true,
    "gridSize": 16
  }
}